0.000;1;20
0.010;1;20
0.020;2;20
0.030;2;20
0.040;2;20
0.050;3;20
0.060;3;20
0.070;4;20
0.080;4;20
0.090;5;20
0.100;5;20
0.110;6;20
0.120;6;20
0.130;6;20
0.140;7;20
0.150;7;20
0.160;8;20
0.170;8;20
0.180;9;20
0.190;9;20
0.200;10;20
0.210;10;20
0.220;11;20
0.230;11;20
0.240;11;20
0.250;12;20
0.260;12;20
0.270;13;20
0.280;13;20
0.290;14;20
0.300;14;20
0.310;15;20
0.320;15;20
0.330;16;20
0.340;16;20
0.350;16;20
0.360;17;20
0.370;17;20
0.380;18;20
0.390;18;20
0.400;19;20
0.410;19;20
0.420;20;20
0.430;20;20
0.440;20.05;20
0.450;20.05;20
0.460;20.05;20
0.470;20.0999;20
0.480;20.0999;20
0.490;20.1496;20
0.500;20.1496;20
0.510;20.1993;20
0.520;20.1993;20
0.530;20.2488;20
0.540;20.2488;20
0.550;20.2981;20
0.560;20.2981;20
0.570;20.2981;20
0.580;20.3474;20
0.590;20.3474;20
0.600;20.3966;20
0.610;20.3966;20
0.620;20.4456;20
0.630;20.4456;20
0.640;20.4945;20
0.650;20.4945;20
0.660;20.5433;20
0.670;20.5433;20
0.680;20.5433;20
0.690;20.592;20
0.700;20.592;20
0.710;20.6405;20
0.720;20.6405;20
0.730;20.689;20
0.740;20.689;20
0.750;20.7373;20
0.760;20.7373;20
0.770;20.7855;20
0.780;20.7855;20
0.790;20.7855;20
0.800;20.8336;20
0.810;20.8336;20
0.820;20.8816;20
0.830;20.8816;20
0.840;20.9295;20
0.850;20.9295;20
0.860;20.9773;20
0.870;20.9773;20
0.880;21.025;20
0.890;21.025;20
0.900;21.025;20
0.910;21.0725;20
0.920;21.0725;20
0.930;21.12;20
0.940;21.12;20
0.950;21.1674;20
0.960;21.1674;20
0.970;21.2146;20
0.980;21.2146;20
0.990;21.2617;20
1.000;21.2617;20
1.010;21.2617;20
1.020;21.3088;20
1.030;21.3088;20
1.040;21.3557;20
1.050;21.3557;20
1.060;21.4025;20
1.070;21.4025;20
1.080;21.4492;20
1.090;21.4492;20
1.100;21.4959;20
1.110;21.4959;20
1.120;21.4959;20
1.130;21.5424;20
1.140;21.5424;20
1.150;21.5888;20
1.160;21.5888;20
1.170;21.6351;20
1.180;21.6351;20
1.190;21.6813;20
1.200;21.6813;20
1.210;21.7275;20
1.220;21.7275;20
1.230;21.7275;20
1.240;21.7735;20
1.250;21.7735;20
1.260;21.8194;20
1.270;21.8194;20
1.280;21.8653;20
1.290;21.8653;20
1.300;21.911;20
1.310;21.911;20
1.320;21.9566;20
1.330;21.9566;20
1.340;21.9566;20
1.350;22.0022;20
1.360;22.0022;20
1.370;22.0476;20
1.380;22.0476;20
1.390;22.093;20
1.400;22.093;20
1.410;22.1382;20
1.420;22.1382;20
1.430;22.1834;20
1.440;22.1834;20
1.450;22.1834;20
1.460;22.2285;20
1.470;22.2285;20
1.480;22.2735;20
1.490;22.2735;20
1.500;22.3184;20
1.510;22.3184;20
1.520;22.3632;20
1.530;22.3632;20
1.540;22.4079;20
1.550;22.4079;20
1.560;22.4079;20
1.570;22.4525;20
1.580;22.4525;20
1.590;22.4971;20
1.600;22.4971;20
1.610;22.5415;20
1.620;22.5415;20
1.630;22.5859;20
1.640;22.5859;20
1.650;22.6301;20
1.660;22.6301;20
1.670;22.6301;20
1.680;22.6743;20
1.690;22.6743;20
1.700;22.7184;20
1.710;22.7184;20
1.720;22.7625;20
1.730;22.7625;20
1.740;22.8064;20
1.750;22.8064;20
1.760;22.8502;20
1.770;22.8502;20
1.780;22.8502;20
1.790;22.894;20
1.800;22.894;20
1.810;22.9377;20
1.820;22.9377;20
1.830;22.9813;20
1.840;22.9813;20
1.850;23.0248;20
1.860;23.0248;20
1.870;23.0682;20
1.880;23.0682;20
1.890;23.0682;20
1.900;23.1116;20
1.910;23.1116;20
1.920;23.1548;20
1.930;23.1548;20
1.940;23.198;20
1.950;23.198;20
1.960;23.2411;20
1.970;23.2411;20
1.980;23.2842;20
1.990;23.2842;20
2.000;23.2842;20
2.010;23.3271;20
2.020;23.3271;20
2.030;23.37;20
2.040;23.37;20
2.050;23.4128;20
2.060;23.4128;20
2.070;23.4555;20
2.080;23.4555;20
2.090;23.4981;20
2.100;23.4981;20
2.110;23.4981;20
2.120;23.5407;20
2.130;23.5407;20
2.140;23.5832;20
2.150;23.5832;20
2.160;23.6256;20
2.170;23.6256;20
2.180;23.6679;20
2.190;23.6679;20
2.200;23.7101;20
2.210;23.7101;20
2.220;23.7101;20
2.230;23.7523;20
2.240;23.7523;20
2.250;23.7944;20
2.260;23.7944;20
2.270;23.8364;20
2.280;23.8364;20
2.290;23.8784;20
2.300;23.8784;20
2.310;23.9203;20
2.320;23.9203;20
2.330;23.9203;20
2.340;23.9621;20
2.350;23.9621;20
2.360;24.0038;20
2.370;24.0038;20
2.380;24.0455;20
2.390;24.0455;20
2.400;24.0871;20
2.410;24.0871;20
2.420;24.1286;20
2.430;24.1286;20
2.440;24.1286;20
2.450;24.17;20
2.460;24.17;20
2.470;24.2114;20
2.480;24.2114;20
2.490;24.2527;20
2.500;24.2527;20
2.510;24.2939;20
2.520;24.2939;20
2.530;24.3351;20
2.540;24.3351;20
2.550;24.3351;20
2.560;24.3762;20
2.570;24.3762;20
2.580;24.4172;20
2.590;24.4172;20
2.600;24.4582;20
2.610;24.4582;20
2.620;24.499;20
2.630;24.499;20
2.640;24.5399;20
2.650;24.5399;20
2.660;24.5399;20
2.670;24.5806;20
2.680;24.5806;20
2.690;24.6213;20
2.700;24.6213;20
2.710;24.6619;20
2.720;24.6619;20
2.730;24.7025;20
2.740;24.7025;20
2.750;24.7429;20
2.760;24.7429;20
2.770;24.7429;20
2.780;24.7834;20
2.790;24.7834;20
2.800;24.8237;20
2.810;24.8237;20
2.820;24.864;20
2.830;24.864;20
2.840;24.9042;20
2.850;24.9042;20
2.860;24.9444;20
2.870;24.9444;20
2.880;24.9444;20
2.890;24.9845;20
2.900;24.9845;20
2.910;25.0245;20
2.920;25.0245;20
2.930;25.0644;20
2.940;25.0644;20
2.950;25.1043;20
2.960;25.1043;20
2.970;25.1442;20
2.980;25.1442;20
2.990;25.1442;20
3.000;25.1839;20
3.010;25.1839;20
3.020;25.2236;20
3.030;25.2236;20
3.040;25.2633;20
3.050;25.2633;20
3.060;25.3029;20
3.070;25.3029;20
3.080;25.3424;20
3.090;25.3424;20
3.100;25.3424;20
3.110;25.3819;20
3.120;25.3819;20
3.130;25.4213;20
3.140;25.4213;20
3.150;25.4606;20
3.160;25.4606;20
3.170;25.4999;20
3.180;25.4999;20
3.190;25.5391;20
3.200;25.5391;20
3.210;25.5391;20
3.220;25.5782;20
3.230;25.5782;20
3.240;25.6173;20
3.250;25.6173;20
3.260;25.6564;20
3.270;25.6564;20
3.280;25.6953;20
3.290;25.6953;20
3.300;25.7343;20
3.310;25.7343;20
3.320;25.7343;20
3.330;25.7731;20
3.340;25.7731;20
3.350;25.8119;20
3.360;25.8119;20
3.370;25.8507;20
3.380;25.8507;20
3.390;25.8893;20
3.400;25.8893;20
3.410;25.928;20
3.420;25.928;20
3.430;25.928;20
3.440;25.9665;20
3.450;25.9665;20
3.460;26.0051;20
3.470;26.0051;20
3.480;26.0435;20
3.490;26.0435;20
3.500;26.0819;20
3.510;26.0819;20
3.520;26.1202;20
3.530;26.1202;20
3.540;26.1202;20
3.550;26.1585;20
3.560;26.1585;20
3.570;26.1968;20
3.580;26.1968;20
3.590;26.2349;20
3.600;26.2349;20
3.610;26.273;20
3.620;26.273;20
3.630;26.3111;20
3.640;26.3111;20
3.650;26.3111;20
3.660;26.3491;20
3.670;26.3491;20
3.680;26.3871;20
3.690;26.3871;20
3.700;26.425;20
3.710;26.425;20
3.720;26.4628;20
3.730;26.4628;20
3.740;26.5006;20
3.750;26.5006;20
3.760;26.5006;20
3.770;26.5383;20
3.780;26.5383;20
3.790;26.576;20
3.800;26.576;20
3.810;26.6136;20
3.820;26.6136;20
3.830;26.6512;20
3.840;26.6512;20
3.850;26.6887;20
3.860;26.6887;20
3.870;26.6887;20
3.880;26.7262;20
3.890;26.7262;20
3.900;26.7636;20
3.910;26.7636;20
3.920;26.801;20
3.930;26.801;20
3.940;26.8383;20
3.950;26.8383;20
3.960;26.8756;20
3.970;26.8756;20
3.980;26.8756;20
3.990;26.9128;20
4.000;26.9128;20
4.010;26.9499;20
4.020;26.9499;20
4.030;26.987;20
4.040;26.987;20
4.050;27.0241;20
4.060;27.0241;20
4.070;27.0611;20
4.080;27.0611;20
4.090;27.0611;20
4.100;27.098;20
4.110;27.098;20
4.120;27.1349;20
4.130;27.1349;20
4.140;27.1718;20
4.150;27.1718;20
4.160;27.2086;20
4.170;27.2086;20
4.180;27.2454;20
4.190;27.2454;20
4.200;27.2454;20
4.210;27.2821;20
4.220;27.2821;20
4.230;27.3187;20
4.240;27.3187;20
4.250;27.3553;20
4.260;27.3553;20
4.270;27.3919;20
4.280;27.3919;20
4.290;27.4284;20
4.300;27.4284;20
4.310;27.4284;20
4.320;27.4648;20
4.330;27.4648;20
4.340;27.5013;20
4.350;27.5013;20
4.360;27.5376;20
4.370;27.5376;20
4.380;27.5739;20
4.390;27.5739;20
4.400;27.6102;20
4.410;27.6102;20
4.420;27.6102;20
4.430;27.6464;20
4.440;27.6464;20
4.450;27.6826;20
4.460;27.6826;20
4.470;27.7187;20
4.480;27.7187;20
4.490;27.7548;20
4.500;27.7548;20
4.510;27.7908;20
4.520;27.7908;20
4.530;27.7908;20
4.540;27.8268;20
4.550;27.8268;20
4.560;27.8627;20
4.570;27.8627;20
4.580;27.8986;20
4.590;27.8986;20
4.600;27.9345;20
4.610;27.9345;20
4.620;27.9703;20
4.630;27.9703;20
4.640;27.9703;20
4.650;28.006;20
4.660;28.006;20
4.670;28.0417;20
4.680;28.0417;20
4.690;28.0774;20
4.700;28.0774;20
4.710;28.113;20
4.720;28.113;20
4.730;28.1486;20
4.740;28.1486;20
4.750;28.1486;20
4.760;28.1841;20
4.770;28.1841;20
4.780;28.2196;20
4.790;28.2196;20
4.800;28.255;20
4.810;28.255;20
4.820;28.2904;20
4.830;28.2904;20
4.840;28.3258;20
4.850;28.3258;20
4.860;28.3258;20
4.870;28.3611;20
4.880;28.3611;20
4.890;28.3963;20
4.900;28.3963;20
4.910;28.4315;20
4.920;28.4315;20
4.930;28.4667;20
4.940;28.4667;20
4.950;28.5018;20
4.960;28.5018;20
4.970;28.5018;20
4.980;28.5369;20
4.990;28.5369;20
5.000;28.572;20
5.010;28.572;20
5.020;28.607;20
5.030;28.607;20
5.040;28.6419;20
5.050;28.6419;20
5.060;28.6768;20
5.070;28.6768;20
5.080;28.6768;20
5.090;28.7117;20
5.100;28.7117;20
5.110;28.7465;20
5.120;28.7465;20
5.130;28.7813;20
5.140;28.7813;20
5.150;28.8161;20
5.160;28.8161;20
5.170;28.8508;20
5.180;28.8508;20
5.190;28.8508;20
5.200;28.8854;20
5.210;28.8854;20
5.220;28.92;20
5.230;28.92;20
5.240;28.9546;20
5.250;28.9546;20
5.260;28.9892;20
5.270;28.9892;20
5.280;29.0237;20
5.290;29.0237;20
5.300;29.0237;20
5.310;29.0581;20
5.320;29.0581;20
5.330;29.0925;20
5.340;29.0925;20
5.350;29.1269;20
5.360;29.1269;20
5.370;29.1612;20
5.380;29.1612;20
5.390;29.1955;20
5.400;29.1955;20
5.410;29.1955;20
5.420;29.2298;20
5.430;29.2298;20
5.440;29.264;20
5.450;29.264;20
5.460;29.2982;20
5.470;29.2982;20
5.480;29.3323;20
5.490;29.3323;20
5.500;29.3664;20
5.510;29.3664;20
5.520;29.3664;20
5.530;29.4004;20
5.540;29.4004;20
5.550;29.4344;20
5.560;29.4344;20
5.570;29.4684;20
5.580;29.4684;20
5.590;29.5024;20
5.600;29.5024;20
5.610;29.5363;20
5.620;29.5363;20
5.630;29.5363;20
5.640;29.5701;20
5.650;29.5701;20
5.660;29.6039;20
5.670;29.6039;20
5.680;29.6377;20
5.690;29.6377;20
5.700;29.6714;20
5.710;29.6714;20
5.720;29.7051;20
5.730;29.7051;20
5.740;29.7051;20
5.750;29.7388;20
5.760;29.7388;20
5.770;29.7724;20
5.780;29.7724;20
5.790;29.806;20
5.800;29.806;20
5.810;29.8396;20
5.820;29.8396;20
5.830;29.8731;20
5.840;29.8731;20
5.850;29.8731;20
5.860;29.9066;20
5.870;29.9066;20
5.880;29.94;20
5.890;29.94;20
5.900;29.9734;20
5.910;29.9734;20
5.920;30.0068;20
5.930;30.0068;20
5.940;30.0401;20
5.950;30.0401;20
5.960;30.0401;20
5.970;30.0734;20
5.980;30.0734;20
5.990;30.1066;20
6.000;30.1066;20
6.010;30.1398;20
6.020;30.1398;20
6.030;30.173;20
6.040;30.173;20
6.050;30.2062;20
6.060;30.2062;20
6.070;30.2062;20
6.080;30.2393;20
6.090;30.2393;20
6.100;30.2723;20
6.110;30.2723;20
6.120;30.3054;20
6.130;30.3054;20
6.140;30.3384;20
6.150;30.3384;20
6.160;30.3713;20
6.170;30.3713;20
6.180;30.3713;20
6.190;30.4043;20
6.200;30.4043;20
6.210;30.4372;20
6.220;30.4372;20
6.230;30.47;20
6.240;30.47;20
6.250;30.5028;20
6.260;30.5028;20
6.270;30.5356;20
6.280;30.5356;20
6.290;30.5356;20
6.300;30.5684;20
6.310;30.5684;20
6.320;30.6011;20
6.330;30.6011;20
6.340;30.6338;20
6.350;30.6338;20
6.360;30.6664;20
6.370;30.6664;20
6.380;30.699;20
6.390;30.699;20
6.400;30.699;20
6.410;30.7316;20
6.420;30.7316;20
6.430;30.7641;20
6.440;30.7641;20
6.450;30.7966;20
6.460;30.7966;20
6.470;30.8291;20
6.480;30.8291;20
6.490;30.8615;20
6.500;30.8615;20
6.510;30.8615;20
6.520;30.8939;20
6.530;30.8939;20
6.540;30.9263;20
6.550;30.9263;20
6.560;30.9586;20
6.570;30.9586;20
6.580;30.9909;20
6.590;30.9909;20
6.600;31.0232;20
6.610;31.0232;20
6.620;31.0232;20
6.630;31.0554;20
6.640;31.0554;20
6.650;31.0876;20
6.660;31.0876;20
6.670;31.1198;20
6.680;31.1198;20
6.690;31.1519;20
6.700;31.1519;20
6.710;31.184;20
6.720;31.184;20
6.730;31.184;20
6.740;31.2161;20
6.750;31.2161;20
6.760;31.2481;20
6.770;31.2481;20
6.780;31.2801;20
6.790;31.2801;20
6.800;31.3121;20
6.810;31.3121;20
6.820;31.3441;20
6.830;31.3441;20
6.840;31.3441;20
6.850;31.376;20
6.860;31.376;20
6.870;31.4078;20
6.880;31.4078;20
6.890;31.4397;20
6.900;31.4397;20
6.910;31.4715;20
6.920;31.4715;20
6.930;31.5032;20
6.940;31.5032;20
6.950;31.5032;20
6.960;31.535;20
6.970;31.535;20
6.980;31.5667;20
6.990;31.5667;20
7.000;31.5984;20
7.010;31.5984;20
7.020;31.63;20
7.030;31.63;20
7.040;31.6616;20
7.050;31.6616;20
7.060;31.6616;20
7.070;31.6932;20
7.080;31.6932;20
7.090;31.7248;20
7.100;31.7248;20
7.110;31.7563;20
7.120;31.7563;20
7.130;31.7878;20
7.140;31.7878;20
7.150;31.8193;20
7.160;31.8193;20
7.170;31.8193;20
7.180;31.8507;20
7.190;31.8507;20
7.200;31.8821;20
7.210;31.8821;20
7.220;31.9134;20
7.230;31.9134;20
7.240;31.9448;20
7.250;31.9448;20
7.260;31.9761;20
7.270;31.9761;20
7.280;31.9761;20
7.290;32.0074;20
7.300;32.0074;20
7.310;32.0386;20
7.320;32.0386;20
7.330;32.0698;20
7.340;32.0698;20
7.350;32.101;20
7.360;32.101;20
7.370;32.1321;20
7.380;32.1321;20
7.390;32.1321;20
7.400;32.1633;20
7.410;32.1633;20
7.420;32.1944;20
7.430;32.1944;20
7.440;32.2254;20
7.450;32.2254;20
7.460;32.2564;20
7.470;32.2564;20
7.480;32.2874;20
7.490;32.2874;20
7.500;32.2874;20
7.510;32.3184;20
7.520;32.3184;20
7.530;32.3494;20
7.540;32.3494;20
7.550;32.3803;20
7.560;32.3803;20
7.570;32.4112;20
7.580;32.4112;20
7.590;32.442;20
7.600;32.442;20
7.610;32.442;20
7.620;32.4728;20
7.630;32.4728;20
7.640;32.5036;20
7.650;32.5036;20
7.660;32.5344;20
7.670;32.5344;20
7.680;32.5651;20
7.690;32.5651;20
7.700;32.5958;20
7.710;32.5958;20
7.720;32.5958;20
7.730;32.6265;20
7.740;32.6265;20
7.750;32.6572;20
7.760;32.6572;20
7.770;32.6878;20
7.780;32.6878;20
7.790;32.7184;20
7.800;32.7184;20
7.810;32.7489;20
7.820;32.7489;20
7.830;32.7489;20
7.840;32.7795;20
7.850;32.7795;20
7.860;32.81;20
7.870;32.81;20
7.880;32.8405;20
7.890;32.8405;20
7.900;32.8709;20
7.910;32.8709;20
7.920;32.9013;20
7.930;32.9013;20
7.940;32.9013;20
7.950;32.9317;20
7.960;32.9317;20
7.970;32.9621;20
7.980;32.9621;20
7.990;32.9924;20
8.000;32.9924;20
8.010;33.0227;20
8.020;33.0227;20
8.030;33.053;20
8.040;33.053;20
8.050;33.053;20
8.060;33.0833;20
8.070;33.0833;20
8.080;33.1135;20
8.090;33.1135;20
8.100;33.1437;20
8.110;33.1437;20
8.120;33.1739;20
8.130;33.1739;20
8.140;33.204;20
8.150;33.204;20
8.160;33.204;20
8.170;33.2341;20
8.180;33.2341;20
8.190;33.2642;20
8.200;33.2642;20
8.210;33.2943;20
8.220;33.2943;20
8.230;33.3243;20
8.240;33.3243;20
8.250;33.3543;20
8.260;33.3543;20
8.270;33.3543;20
8.280;33.3843;20
8.290;33.3843;20
8.300;33.4143;20
8.310;33.4143;20
8.320;33.4442;20
8.330;33.4442;20
8.340;33.4741;20
8.350;33.4741;20
8.360;33.504;20
8.370;33.504;20
8.380;33.504;20
8.390;33.5338;20
8.400;33.5338;20
8.410;33.5636;20
8.420;33.5636;20
8.430;33.5934;20
8.440;33.5934;20
8.450;33.6232;20
8.460;33.6232;20
8.470;33.6529;20
8.480;33.6529;20
8.490;33.6529;20
8.500;33.6827;20
8.510;33.6827;20
8.520;33.7123;20
8.530;33.7123;20
8.540;33.742;20
8.550;33.742;20
8.560;33.7716;20
8.570;33.7716;20
8.580;33.8013;20
8.590;33.8013;20
8.600;33.8013;20
8.610;33.8308;20
8.620;33.8308;20
8.630;33.8604;20
8.640;33.8604;20
8.650;33.8899;20
8.660;33.8899;20
8.670;33.9194;20
8.680;33.9194;20
8.690;33.9489;20
8.700;33.9489;20
8.710;33.9489;20
8.720;33.9784;20
8.730;33.9784;20
8.740;34.0078;20
8.750;34.0078;20
8.760;34.0372;20
8.770;34.0372;20
8.780;34.0666;20
8.790;34.0666;20
8.800;34.096;20
8.810;34.096;20
8.820;34.096;20
8.830;34.1253;20
8.840;34.1253;20
8.850;34.1546;20
8.860;34.1546;20
8.870;34.1839;20
8.880;34.1839;20
8.890;34.2131;20
8.900;34.2131;20
8.910;34.2423;20
8.920;34.2423;20
8.930;34.2423;20
8.940;34.2715;20
8.950;34.2715;20
8.960;34.3007;20
8.970;34.3007;20
8.980;34.3299;20
8.990;34.3299;20
9.000;34.359;20
9.010;34.359;20
9.020;34.3881;20
9.030;34.3881;20
9.040;34.3881;20
9.050;34.4172;20
9.060;34.4172;20
9.070;34.4462;20
9.080;34.4462;20
9.090;34.4753;20
9.100;34.4753;20
9.110;34.5043;20
9.120;34.5043;20
9.130;34.5333;20
9.140;34.5333;20
9.150;34.5333;20
9.160;34.5622;20
9.170;34.5622;20
9.180;34.5912;20
9.190;34.5912;20
9.200;34.6201;20
9.210;34.6201;20
9.220;34.649;20
9.230;34.649;20
9.240;34.6778;20
9.250;34.6778;20
9.260;34.6778;20
9.270;34.7067;20
9.280;34.7067;20
9.290;34.7355;20
9.300;34.7355;20
9.310;34.7643;20
9.320;34.7643;20
9.330;34.793;20
9.340;34.793;20
9.350;34.8218;20
9.360;34.8218;20
9.370;34.8218;20
9.380;34.8505;20
9.390;34.8505;20
9.400;34.8792;20
9.410;34.8792;20
9.420;34.9078;20
9.430;34.9078;20
9.440;34.9365;20
9.450;34.9365;20
9.460;34.9651;20
9.470;34.9651;20
9.480;34.9651;20
9.490;34.9937;20
9.500;34.9937;20
9.510;35.0223;20
9.520;35.0223;20
9.530;35.0508;20
9.540;35.0508;20
9.550;35.0794;20
9.560;35.0794;20
9.570;35.1079;20
9.580;35.1079;20
9.590;35.1079;20
9.600;35.1364;20
9.610;35.1364;20
9.620;35.1648;20
9.630;35.1648;20
9.640;35.1933;20
9.650;35.1933;20
9.660;35.2217;20
9.670;35.2217;20
9.680;35.2501;20
9.690;35.2501;20
9.700;35.2501;20
9.710;35.2784;20
9.720;35.2784;20
9.730;35.3068;20
9.740;35.3068;20
9.750;35.3351;20
9.760;35.3351;20
9.770;35.3634;20
9.780;35.3634;20
9.790;35.3917;20
9.800;35.3917;20
9.810;35.3917;20
9.820;35.4199;20
9.830;35.4199;20
9.840;35.4482;20
9.850;35.4482;20
9.860;35.4764;20
9.870;35.4764;20
9.880;35.5046;20
9.890;35.5046;20
9.900;35.5327;20
9.910;35.5327;20
9.920;35.5327;20
9.930;35.5609;20
9.940;35.5609;20
9.950;35.589;20
9.960;35.589;20
9.970;35.6171;20
9.980;35.6171;20
9.990;35.6452;20
10.000;35.6452;20
10.010;35.6732;20
10.020;35.6732;20
10.030;35.6732;20
10.040;35.7013;20
10.050;35.7013;20
10.060;35.7293;20
10.070;35.7293;20
10.080;35.7573;20
10.090;35.7573;20
10.100;35.7852;20
10.110;35.7852;20
10.120;35.8132;20
10.130;35.8132;20
10.140;35.8132;20
10.150;35.8411;20
10.160;35.8411;20
10.170;35.869;20
10.180;35.869;20
10.190;35.8969;20
10.200;35.8969;20
10.210;35.9247;20
10.220;35.9247;20
10.230;35.9526;20
10.240;35.9526;20
10.250;35.9526;20
10.260;35.9804;20
10.270;35.9804;20
10.280;36.0082;20
10.290;36.0082;20
10.300;36.0359;20
10.310;36.0359;20
10.320;36.0637;20
10.330;36.0637;20
10.340;36.0914;20
10.350;36.0914;20
10.360;36.0914;20
10.370;36.1191;20
10.380;36.1191;20
10.390;36.1468;20
10.400;36.1468;20
10.410;36.1745;20
10.420;36.1745;20
10.430;36.2021;20
10.440;36.2021;20
10.450;36.2297;20
10.460;36.2297;20
10.470;36.2297;20
10.480;36.2573;20
10.490;36.2573;20
10.500;36.2849;20
10.510;36.2849;20
10.520;36.3125;20
10.530;36.3125;20
10.540;36.34;20
10.550;36.34;20
10.560;36.3675;20
10.570;36.3675;20
10.580;36.3675;20
10.590;36.395;20
10.600;36.395;20
10.610;36.4225;20
10.620;36.4225;20
10.630;36.45;20
10.640;36.45;20
10.650;36.4774;20
10.660;36.4774;20
10.670;36.5048;20
10.680;36.5048;20
10.690;36.5048;20
10.700;36.5322;20
10.710;36.5322;20
10.720;36.5596;20
10.730;36.5596;20
10.740;36.5869;20
10.750;36.5869;20
10.760;36.6143;20
10.770;36.6143;20
10.780;36.6416;20
10.790;36.6416;20
10.800;36.6416;20
10.810;36.6689;20
10.820;36.6689;20
10.830;36.6961;20
10.840;36.6961;20
10.850;36.7234;20
10.860;36.7234;20
10.870;36.7506;20
10.880;36.7506;20
10.890;36.7778;20
10.900;36.7778;20
10.910;36.7778;20
10.920;36.805;20
10.930;36.805;20
10.940;36.8322;20
10.950;36.8322;20
10.960;36.8594;20
10.970;36.8594;20
10.980;36.8865;20
10.990;36.8865;20
11.000;36.9136;20
11.010;36.9136;20
11.020;36.9136;20
11.030;36.9407;20
11.040;36.9407;20
11.050;36.9678;20
11.060;36.9678;20
11.070;36.9948;20
11.080;36.9948;20
11.090;37.0218;20
11.100;37.0218;20
11.110;37.0488;20
11.120;37.0488;20
11.130;37.0488;20
11.140;37.0758;20
11.150;37.0758;20
11.160;37.1028;20
11.170;37.1028;20
11.180;37.1298;20
11.190;37.1298;20
11.200;37.1567;20
11.210;37.1567;20
11.220;37.1836;20
11.230;37.1836;20
11.240;37.1836;20
11.250;37.2105;20
11.260;37.2105;20
11.270;37.2374;20
11.280;37.2374;20
11.290;37.2642;20
11.300;37.2642;20
11.310;37.2911;20
11.320;37.2911;20
11.330;37.3179;20
11.340;37.3179;20
11.350;37.3179;20
11.360;37.3447;20
11.370;37.3447;20
11.380;37.3715;20
11.390;37.3715;20
11.400;37.3982;20
11.410;37.3982;20
11.420;37.425;20
11.430;37.425;20
11.440;37.4517;20
11.450;37.4517;20
11.460;37.4517;20
11.470;37.4784;20
11.480;37.4784;20
11.490;37.5051;20
11.500;37.5051;20
11.510;37.5317;20
11.520;37.5317;20
11.530;37.5584;20
11.540;37.5584;20
11.550;37.585;20
11.560;37.585;20
11.570;37.585;20
11.580;37.6116;20
11.590;37.6116;20
11.600;37.6382;20
11.610;37.6382;20
11.620;37.6648;20
11.630;37.6648;20
11.640;37.6913;20
11.650;37.6913;20
11.660;37.7178;20
11.670;37.7178;20
11.680;37.7178;20
11.690;37.7443;20
11.700;37.7443;20
11.710;37.7708;20
11.720;37.7708;20
11.730;37.7973;20
11.740;37.7973;20
11.750;37.8238;20
11.760;37.8238;20
11.770;37.8502;20
11.780;37.8502;20
11.790;37.8502;20
11.800;37.8766;20
11.810;37.8766;20
11.820;37.903;20
11.830;37.903;20
11.840;37.9294;20
11.850;37.9294;20
11.860;37.9558;20
11.870;37.9558;20
11.880;37.9821;20
11.890;37.9821;20
11.900;37.9821;20
11.910;38.0085;20
11.920;38.0085;20
11.930;38.0348;20
11.940;38.0348;20
11.950;38.0611;20
11.960;38.0611;20
11.970;38.0873;20
11.980;38.0873;20
11.990;38.1136;20
12.000;38.1136;20
12.010;38.1136;20
12.020;38.1398;20
12.030;38.1398;20
12.040;38.166;20
12.050;38.166;20
12.060;38.1922;20
12.070;38.1922;20
12.080;38.2184;20
12.090;38.2184;20
12.100;38.2446;20
12.110;38.2446;20
12.120;38.2446;20
12.130;38.2707;20
12.140;38.2707;20
12.150;38.2969;20
12.160;38.2969;20
12.170;38.323;20
12.180;38.323;20
12.190;38.3491;20
12.200;38.3491;20
12.210;38.3751;20
12.220;38.3751;20
12.230;38.3751;20
12.240;38.4012;20
12.250;38.4012;20
12.260;38.4272;20
12.270;38.4272;20
12.280;38.4533;20
12.290;38.4533;20
12.300;38.4793;20
12.310;38.4793;20
12.320;38.5053;20
12.330;38.5053;20
12.340;38.5053;20
12.350;38.5312;20
12.360;38.5312;20
12.370;38.5572;20
12.380;38.5572;20
12.390;38.5831;20
12.400;38.5831;20
12.410;38.609;20
12.420;38.609;20
12.430;38.6349;20
12.440;38.6349;20
12.450;38.6349;20
12.460;38.6608;20
12.470;38.6608;20
12.480;38.6867;20
12.490;38.6867;20
12.500;38.7125;20
12.510;38.7125;20
12.520;38.7384;20
12.530;38.7384;20
12.540;38.7642;20
12.550;38.7642;20
12.560;38.7642;20
12.570;38.79;20
12.580;38.79;20
12.590;38.8158;20
12.600;38.8158;20
12.610;38.8415;20
12.620;38.8415;20
12.630;38.8673;20
12.640;38.8673;20
12.650;38.893;20
12.660;38.893;20
12.670;38.893;20
12.680;38.9187;20
12.690;38.9187;20
12.700;38.9444;20
12.710;38.9444;20
12.720;38.9701;20
12.730;38.9701;20
12.740;38.9957;20
12.750;38.9957;20
12.760;39.0214;20
12.770;39.0214;20
12.780;39.0214;20
12.790;39.047;20
12.800;39.047;20
12.810;39.0726;20
12.820;39.0726;20
12.830;39.0982;20
12.840;39.0982;20
12.850;39.1238;20
12.860;39.1238;20
12.870;39.1494;20
12.880;39.1494;20
12.890;39.1494;20
12.900;39.1749;20
12.910;39.1749;20
12.920;39.2004;20
12.930;39.2004;20
12.940;39.2259;20
12.950;39.2259;20
12.960;39.2514;20
12.970;39.2514;20
12.980;39.2769;20
12.990;39.2769;20
13.000;39.2769;20
13.010;39.3024;20
13.020;39.3024;20
13.030;39.3278;20
13.040;39.3278;20
13.050;39.3532;20
13.060;39.3532;20
13.070;39.3786;20
13.080;39.3786;20
13.090;39.404;20
13.100;39.404;20
13.110;39.404;20
13.120;39.4294;20
13.130;39.4294;20
13.140;39.4548;20
13.150;39.4548;20
13.160;39.4801;20
13.170;39.4801;20
13.180;39.5055;20
13.190;39.5055;20
13.200;39.5308;20
13.210;39.5308;20
13.220;39.5308;20
13.230;39.5561;20
13.240;39.5561;20
13.250;39.5813;20
13.260;39.5813;20
13.270;39.6066;20
13.280;39.6066;20
13.290;39.6319;20
13.300;39.6319;20
13.310;39.6571;20
13.320;39.6571;20
13.330;39.6571;20
13.340;39.6823;20
13.350;39.6823;20
13.360;39.7075;20
13.370;39.7075;20
13.380;39.7327;20
13.390;39.7327;20
13.400;39.7579;20
13.410;39.7579;20
13.420;39.783;20
13.430;39.783;20
13.440;39.783;20
13.450;39.8082;20
13.460;39.8082;20
13.470;39.8333;20
13.480;39.8333;20
13.490;39.8584;20
13.500;39.8584;20
13.510;39.8835;20
13.520;39.8835;20
13.530;39.9085;20
13.540;39.9085;20
13.550;39.9085;20
13.560;39.9336;20
13.570;39.9336;20
13.580;39.9586;20
13.590;39.9586;20
13.600;39.9837;20
13.610;39.9837;20
13.620;40.0087;20
13.630;40.0087;20
13.640;40.0337;20
13.650;40.0337;20
13.660;40.0337;20
13.670;40.0586;20
13.680;40.0586;20
13.690;40.0836;20
13.700;40.0836;20
13.710;40.1086;20
13.720;40.1086;20
13.730;40.1335;20
13.740;40.1335;20
13.750;40.1584;20
13.760;40.1584;20
13.770;40.1584;20
13.780;40.1833;20
13.790;40.1833;20
13.800;40.2082;20
13.810;40.2082;20
13.820;40.2331;20
13.830;40.2331;20
13.840;40.2579;20
13.850;40.2579;20
13.860;40.2828;20
13.870;40.2828;20
13.880;40.2828;20
13.890;40.3076;20
13.900;40.3076;20
13.910;40.3324;20
13.920;40.3324;20
13.930;40.3572;20
13.940;40.3572;20
13.950;40.382;20
13.960;40.382;20
13.970;40.4067;20
13.980;40.4067;20
13.990;40.4067;20
14.000;40.4315;20
14.010;40.4315;20
14.020;40.4562;20
14.030;40.4562;20
14.040;40.4809;20
14.050;40.4809;20
14.060;40.5056;20
14.070;40.5056;20
14.080;40.5303;20
14.090;40.5303;20
14.100;40.5303;20
14.110;40.555;20
14.120;40.555;20
14.130;40.5797;20
14.140;40.5797;20
14.150;40.6043;20
14.160;40.6043;20
14.170;40.6289;20
14.180;40.6289;20
14.190;40.6535;20
14.200;40.6535;20
14.210;40.6535;20
14.220;40.6781;20
14.230;40.6781;20
14.240;40.7027;20
14.250;40.7027;20
14.260;40.7273;20
14.270;40.7273;20
14.280;40.7518;20
14.290;40.7518;20
14.300;40.7764;20
14.310;40.7764;20
14.320;40.7764;20
14.330;40.8009;20
14.340;40.8009;20
14.350;40.8254;20
14.360;40.8254;20
14.370;40.8499;20
14.380;40.8499;20
14.390;40.8744;20
14.400;40.8744;20
14.410;40.8988;20
14.420;40.8988;20
14.430;40.8988;20
14.440;40.9233;20
14.450;40.9233;20
14.460;40.9477;20
14.470;40.9477;20
14.480;40.9722;20
14.490;40.9722;20
14.500;40.9966;20
14.510;40.9966;20
14.520;41.021;20
14.530;41.021;20
14.540;41.021;20
14.550;41.0453;20
14.560;41.0453;20
14.570;41.0697;20
14.580;41.0697;20
14.590;41.094;20
14.600;41.094;20
14.610;41.1184;20
14.620;41.1184;20
14.630;41.1427;20
14.640;41.1427;20
14.650;41.1427;20
14.660;41.167;20
14.670;41.167;20
14.680;41.1913;20
14.690;41.1913;20
14.700;41.2156;20
14.710;41.2156;20
14.720;41.2398;20
14.730;41.2398;20
14.740;41.2641;20
14.750;41.2641;20
14.760;41.2641;20
14.770;41.2883;20
14.780;41.2883;20
14.790;41.3125;20
14.800;41.3125;20
14.810;41.3367;20
14.820;41.3367;20
14.830;41.3609;20
14.840;41.3609;20
14.850;41.3851;20
14.860;41.3851;20
14.870;41.3851;20
14.880;41.4093;20
14.890;41.4093;20
14.900;41.4334;20
14.910;41.4334;20
14.920;41.4576;20
14.930;41.4576;20
14.940;41.4817;20
14.950;41.4817;20
14.960;41.5058;20
14.970;41.5058;20
14.980;41.5058;20
14.990;41.5299;20
15.000;41.5299;20
15.010;41.554;20
15.020;41.554;20
15.030;41.578;20
15.040;41.578;20
15.050;41.6021;20
15.060;41.6021;20
15.070;41.6261;20
15.080;41.6261;20
15.090;41.6261;20
15.100;41.6501;20
15.110;41.6501;20
15.120;41.6741;20
15.130;41.6741;20
15.140;41.6981;20
15.150;41.6981;20
15.160;41.7221;20
15.170;41.7221;20
15.180;41.7461;20
15.190;41.7461;20
15.200;41.7461;20
15.210;41.77;20
15.220;41.77;20
15.230;41.794;20
15.240;41.794;20
15.250;41.8179;20
15.260;41.8179;20
15.270;41.8418;20
15.280;41.8418;20
15.290;41.8657;20
15.300;41.8657;20
15.310;41.8657;20
15.320;41.8896;20
15.330;41.8896;20
15.340;41.9135;20
15.350;41.9135;20
15.360;41.9373;20
15.370;41.9373;20
15.380;41.9612;20
15.390;41.9612;20
15.400;41.985;20
15.410;41.985;20
15.420;41.985;20
15.430;42.0088;20
15.440;42.0088;20
15.450;42.0326;20
15.460;42.0326;20
15.470;42.0564;20
15.480;42.0564;20
15.490;42.0802;20
15.500;42.0802;20
15.510;42.104;20
15.520;42.104;20
15.530;42.104;20
15.540;42.1277;20
15.550;42.1277;20
15.560;42.1515;20
15.570;42.1515;20
15.580;42.1752;20
15.590;42.1752;20
15.600;42.1989;20
15.610;42.1989;20
15.620;42.2226;20
15.630;42.2226;20
15.640;42.2226;20
15.650;42.2463;20
15.660;42.2463;20
15.670;42.27;20
15.680;42.27;20
15.690;42.2936;20
15.700;42.2936;20
15.710;42.3173;20
15.720;42.3173;20
15.730;42.3409;20
15.740;42.3409;20
15.750;42.3409;20
15.760;42.3645;20
15.770;42.3645;20
15.780;42.3881;20
15.790;42.3881;20
15.800;42.4117;20
15.810;42.4117;20
15.820;42.4353;20
15.830;42.4353;20
15.840;42.4588;20
15.850;42.4588;20
15.860;42.4588;20
15.870;42.4824;20
15.880;42.4824;20
15.890;42.5059;20
15.900;42.5059;20
15.910;42.5295;20
15.920;42.5295;20
15.930;42.553;20
15.940;42.553;20
15.950;42.5765;20
15.960;42.5765;20
15.970;42.5765;20
15.980;42.6;20
15.990;42.6;20
16.000;42.6234;20
16.010;42.6234;20
16.020;42.6469;20
16.030;42.6469;20
16.040;42.6703;20
16.050;42.6703;20
16.060;42.6938;20
16.070;42.6938;20
16.080;42.6938;20
16.090;42.7172;20
16.100;42.7172;20
16.110;42.7406;20
16.120;42.7406;20
16.130;42.764;20
16.140;42.764;20
16.150;42.7874;20
16.160;42.7874;20
16.170;42.8108;20
16.180;42.8108;20
16.190;42.8108;20
16.200;42.8341;20
16.210;42.8341;20
16.220;42.8575;20
16.230;42.8575;20
16.240;42.8808;20
16.250;42.8808;20
16.260;42.9041;20
16.270;42.9041;20
16.280;42.9274;20
16.290;42.9274;20
16.300;42.9274;20
16.310;42.9507;20
16.320;42.9507;20
16.330;42.974;20
16.340;42.974;20
16.350;42.9973;20
16.360;42.9973;20
16.370;43.0205;20
16.380;43.0205;20
16.390;43.0438;20
16.400;43.0438;20
16.410;43.0438;20
16.420;43.067;20
16.430;43.067;20
16.440;43.0902;20
16.450;43.0902;20
16.460;43.1134;20
16.470;43.1134;20
16.480;43.1366;20
16.490;43.1366;20
16.500;43.1598;20
16.510;43.1598;20
16.520;43.1598;20
16.530;43.183;20
16.540;43.183;20
16.550;43.2061;20
16.560;43.2061;20
16.570;43.2293;20
16.580;43.2293;20
16.590;43.2524;20
16.600;43.2524;20
16.610;43.2755;20
16.620;43.2755;20
16.630;43.2755;20
16.640;43.2986;20
16.650;43.2986;20
16.660;43.3217;20
16.670;43.3217;20
16.680;43.3448;20
16.690;43.3448;20
16.700;43.3679;20
16.710;43.3679;20
16.720;43.391;20
16.730;43.391;20
16.740;43.391;20
16.750;43.414;20
16.760;43.414;20
16.770;43.437;20
16.780;43.437;20
16.790;43.4601;20
16.800;43.4601;20
16.810;43.4831;20
16.820;43.4831;20
16.830;43.5061;20
16.840;43.5061;20
16.850;43.5061;20
16.860;43.529;20
16.870;43.529;20
16.880;43.552;20
16.890;43.552;20
16.900;43.575;20
16.910;43.575;20
16.920;43.5979;20
16.930;43.5979;20
16.940;43.6209;20
16.950;43.6209;20
16.960;43.6209;20
16.970;43.6438;20
16.980;43.6438;20
16.990;43.6667;20
17.000;43.6667;20
17.010;43.6896;20
17.020;43.6896;20
17.030;43.7125;20
17.040;43.7125;20
17.050;43.7354;20
17.060;43.7354;20
17.070;43.7354;20
17.080;43.7582;20
17.090;43.7582;20
17.100;43.7811;20
17.110;43.7811;20
17.120;43.8039;20
17.130;43.8039;20
17.140;43.8268;20
17.150;43.8268;20
17.160;43.8496;20
17.170;43.8496;20
17.180;43.8496;20
17.190;43.8724;20
17.200;43.8724;20
17.210;43.8952;20
17.220;43.8952;20
17.230;43.918;20
17.240;43.918;20
17.250;43.9407;20
17.260;43.9407;20
17.270;43.9635;20
17.280;43.9635;20
17.290;43.9635;20
17.300;43.9862;20
17.310;43.9862;20
17.320;44.009;20
17.330;44.009;20
17.340;44.0317;20
17.350;44.0317;20
17.360;44.0544;20
17.370;44.0544;20
17.380;44.0771;20
17.390;44.0771;20
17.400;44.0771;20
17.410;44.0998;20
17.420;44.0998;20
17.430;44.1225;20
17.440;44.1225;20
17.450;44.1451;20
17.460;44.1451;20
17.470;44.1678;20
17.480;44.1678;20
17.490;44.1904;20
17.500;44.1904;20
17.510;44.1904;20
17.520;44.213;20
17.530;44.213;20
17.540;44.2357;20
17.550;44.2357;20
17.560;44.2583;20
17.570;44.2583;20
17.580;44.2809;20
17.590;44.2809;20
17.600;44.3035;20
17.610;44.3035;20
17.620;44.3035;20
17.630;44.326;20
17.640;44.326;20
17.650;44.3486;20
17.660;44.3486;20
17.670;44.3711;20
17.680;44.3711;20
17.690;44.3937;20
17.700;44.3937;20
17.710;44.4162;20
17.720;44.4162;20
17.730;44.4162;20
17.740;44.4387;20
17.750;44.4387;20
17.760;44.4612;20
17.770;44.4612;20
17.780;44.4837;20
17.790;44.4837;20
17.800;44.5062;20
17.810;44.5062;20
17.820;44.5287;20
17.830;44.5287;20
17.840;44.5287;20
17.850;44.5511;20
17.860;44.5511;20
17.870;44.5736;20
17.880;44.5736;20
17.890;44.596;20
17.900;44.596;20
17.910;44.6184;20
17.920;44.6184;20
17.930;44.6408;20
17.940;44.6408;20
17.950;44.6408;20
17.960;44.6632;20
17.970;44.6632;20
17.980;44.6856;20
17.990;44.6856;20
18.000;44.708;20
18.010;44.708;20
18.020;44.7304;20
18.030;44.7304;20
18.040;44.7527;20
18.050;44.7527;20
18.060;44.7527;20
18.070;44.7751;20
18.080;44.7751;20
18.090;44.7974;20
18.100;44.7974;20
18.110;44.8197;20
18.120;44.8197;20
18.130;44.842;20
18.140;44.842;20
18.150;44.8643;20
18.160;44.8643;20
18.170;44.8643;20
18.180;44.8866;20
18.190;44.8866;20
18.200;44.9089;20
18.210;44.9089;20
18.220;44.9312;20
18.230;44.9312;20
18.240;44.9534;20
18.250;44.9534;20
18.260;44.9757;20
18.270;44.9757;20
18.280;44.9757;20
18.290;44.9979;20
18.300;44.9979;20
18.310;45.0201;20
18.320;45.0201;20
18.330;45.0423;20
18.340;45.0423;20
18.350;45.0645;20
18.360;45.0645;20
18.370;45.0867;20
18.380;45.0867;20
18.390;45.0867;20
18.400;45.1089;20
18.410;45.1089;20
18.420;45.1311;20
18.430;45.1311;20
18.440;45.1532;20
18.450;45.1532;20
18.460;45.1754;20
18.470;45.1754;20
18.480;45.1975;20
18.490;45.1975;20
18.500;45.1975;20
18.510;45.2196;20
18.520;45.2196;20
18.530;45.2418;20
18.540;45.2418;20
18.550;45.2639;20
18.560;45.2639;20
18.570;45.286;20
18.580;45.286;20
18.590;45.308;20
18.600;45.308;20
18.610;45.308;20
18.620;45.3301;20
18.630;45.3301;20
18.640;45.3522;20
18.650;45.3522;20
18.660;45.3742;20
18.670;45.3742;20
18.680;45.3963;20
18.690;45.3963;20
18.700;45.4183;20
18.710;45.4183;20
18.720;45.4183;20
18.730;45.4403;20
18.740;45.4403;20
18.750;45.4623;20
18.760;45.4623;20
18.770;45.4843;20
18.780;45.4843;20
18.790;45.5063;20
18.800;45.5063;20
18.810;45.5283;20
18.820;45.5283;20
18.830;45.5283;20
18.840;45.5502;20
18.850;45.5502;20
18.860;45.5722;20
18.870;45.5722;20
18.880;45.5941;20
18.890;45.5941;20
18.900;45.6161;20
18.910;45.6161;20
18.920;45.638;20
18.930;45.638;20
18.940;45.638;20
18.950;45.6599;20
18.960;45.6599;20
18.970;45.6818;20
18.980;45.6818;20
18.990;45.7037;20
19.000;45.7037;20
19.010;45.7256;20
19.020;45.7256;20
19.030;45.7474;20
19.040;45.7474;20
19.050;45.7474;20
19.060;45.7693;20
19.070;45.7693;20
19.080;45.7911;20
19.090;45.7911;20
19.100;45.813;20
19.110;45.813;20
19.120;45.8348;20
19.130;45.8348;20
19.140;45.8566;20
19.150;45.8566;20
19.160;45.8566;20
19.170;45.8784;20
19.180;45.8784;20
19.190;45.9002;20
19.200;45.9002;20
19.210;45.922;20
19.220;45.922;20
19.230;45.9438;20
19.240;45.9438;20
19.250;45.9656;20
19.260;45.9656;20
19.270;45.9656;20
19.280;45.9873;20
19.290;45.9873;20
19.300;46.0091;20
19.310;46.0091;20
19.320;46.0308;20
19.330;46.0308;20
19.340;46.0525;20
19.350;46.0525;20
19.360;46.0742;20
19.370;46.0742;20
19.380;46.0742;20
19.390;46.0959;20
19.400;46.0959;20
19.410;46.1176;20
19.420;46.1176;20
19.430;46.1393;20
19.440;46.1393;20
19.450;46.161;20
19.460;46.161;20
19.470;46.1827;20
19.480;46.1827;20
19.490;46.1827;20
19.500;46.2043;20
19.510;46.2043;20
19.520;46.2259;20
19.530;46.2259;20
19.540;46.2476;20
19.550;46.2476;20
19.560;46.2692;20
19.570;46.2692;20
19.580;46.2908;20
19.590;46.2908;20
19.600;46.2908;20
19.610;46.3124;20
19.620;46.3124;20
19.630;46.334;20
19.640;46.334;20
19.650;46.3556;20
19.660;46.3556;20
19.670;46.3772;20
19.680;46.3772;20
19.690;46.3987;20
19.700;46.3987;20
19.710;46.3987;20
19.720;46.4203;20
19.730;46.4203;20
19.740;46.4418;20
19.750;46.4418;20
19.760;46.4634;20
19.770;46.4634;20
19.780;46.4849;20
19.790;46.4849;20
19.800;46.5064;20
19.810;46.5064;20
19.820;46.5064;20
19.830;46.5279;20
19.840;46.5279;20
19.850;46.5494;20
19.860;46.5494;20
19.870;46.5709;20
19.880;46.5709;20
19.890;46.5923;20
19.900;46.5923;20
19.910;46.6138;20
19.920;46.6138;20
19.930;46.6138;20
19.940;46.6353;20
19.950;46.6353;20
19.960;46.6567;20
19.970;46.6567;20
19.980;46.6781;20
19.990;46.6781;20
20.000;46.6996;20
20.010;46.6996;20
20.020;46.721;20
20.030;46.721;20
20.040;46.721;20
20.050;46.7424;20
20.060;46.7424;20
20.070;46.7638;20
20.080;46.7638;20
20.090;46.7852;20
20.100;46.7852;20
20.110;46.8065;20
20.120;46.8065;20
20.130;46.8279;20
20.140;46.8279;20
20.150;46.8279;20
20.160;46.8492;20
20.170;46.8492;20
20.180;46.8706;20
20.190;46.8706;20
20.200;46.8919;20
20.210;46.8919;20
20.220;46.9133;20
20.230;46.9133;20
20.240;46.9346;20
20.250;46.9346;20
20.260;46.9346;20
20.270;46.9559;20
20.280;46.9559;20
20.290;46.9772;20
20.300;46.9772;20
20.310;46.9985;20
20.320;46.9985;20
20.330;47.0197;20
20.340;47.0197;20
20.350;47.041;20
20.360;47.041;20
20.370;47.041;20
20.380;47.0623;20
20.390;47.0623;20
20.400;47.0835;20
20.410;47.0835;20
20.420;47.1047;20
20.430;47.1047;20
20.440;47.126;20
20.450;47.126;20
20.460;47.1472;20
20.470;47.1472;20
20.480;47.1472;20
20.490;47.1684;20
20.500;47.1684;20
20.510;47.1896;20
20.520;47.1896;20
20.530;47.2108;20
20.540;47.2108;20
20.550;47.232;20
20.560;47.232;20
20.570;47.2532;20
20.580;47.2532;20
20.590;47.2532;20
20.600;47.2743;20
20.610;47.2743;20
20.620;47.2955;20
20.630;47.2955;20
20.640;47.3166;20
20.650;47.3166;20
20.660;47.3377;20
20.670;47.3377;20
20.680;47.3589;20
20.690;47.3589;20
20.700;47.3589;20
20.710;47.38;20
20.720;47.38;20
20.730;47.4011;20
20.740;47.4011;20
20.750;47.4222;20
20.760;47.4222;20
20.770;47.4433;20
20.780;47.4433;20
20.790;47.4644;20
20.800;47.4644;20
20.810;47.4644;20
20.820;47.4854;20
20.830;47.4854;20
20.840;47.5065;20
20.850;47.5065;20
20.860;47.5275;20
20.870;47.5275;20
20.880;47.5486;20
20.890;47.5486;20
20.900;47.5696;20
20.910;47.5696;20
20.920;47.5696;20
20.930;47.5906;20
20.940;47.5906;20
20.950;47.6116;20
20.960;47.6116;20
20.970;47.6326;20
20.980;47.6326;20
20.990;47.6536;20
21.000;47.6536;20
21.010;47.6746;20
21.020;47.6746;20
21.030;47.6746;20
21.040;47.6956;20
21.050;47.6956;20
21.060;47.7166;20
21.070;47.7166;20
21.080;47.7375;20
21.090;47.7375;20
21.100;47.7585;20
21.110;47.7585;20
21.120;47.7794;20
21.130;47.7794;20
21.140;47.7794;20
21.150;47.8003;20
21.160;47.8003;20
21.170;47.8213;20
21.180;47.8213;20
21.190;47.8422;20
21.200;47.8422;20
21.210;47.8631;20
21.220;47.8631;20
21.230;47.884;20
21.240;47.884;20
21.250;47.884;20
21.260;47.9048;20
21.270;47.9048;20
21.280;47.9257;20
21.290;47.9257;20
21.300;47.9466;20
21.310;47.9466;20
21.320;47.9674;20
21.330;47.9674;20
21.340;47.9883;20
21.350;47.9883;20
21.360;47.9883;20
21.370;48.0091;20
21.380;48.0091;20
21.390;48.03;20
21.400;48.03;20
21.410;48.0508;20
21.420;48.0508;20
21.430;48.0716;20
21.440;48.0716;20
21.450;48.0924;20
21.460;48.0924;20
21.470;48.0924;20
21.480;48.1132;20
21.490;48.1132;20
21.500;48.134;20
21.510;48.134;20
21.520;48.1547;20
21.530;48.1547;20
21.540;48.1755;20
21.550;48.1755;20
21.560;48.1963;20
21.570;48.1963;20
21.580;48.1963;20
21.590;48.217;20
21.600;48.217;20
21.610;48.2378;20
21.620;48.2378;20
21.630;48.2585;20
21.640;48.2585;20
21.650;48.2792;20
21.660;48.2792;20
21.670;48.2999;20
21.680;48.2999;20
21.690;48.2999;20
21.700;48.3206;20
21.710;48.3206;20
21.720;48.3413;20
21.730;48.3413;20
21.740;48.362;20
21.750;48.362;20
21.760;48.3827;20
21.770;48.3827;20
21.780;48.4034;20
21.790;48.4034;20
21.800;48.4034;20
21.810;48.424;20
21.820;48.424;20
21.830;48.4447;20
21.840;48.4447;20
21.850;48.4653;20
21.860;48.4653;20
21.870;48.4859;20
21.880;48.4859;20
21.890;48.5066;20
21.900;48.5066;20
21.910;48.5066;20
21.920;48.5272;20
21.930;48.5272;20
21.940;48.5478;20
21.950;48.5478;20
21.960;48.5684;20
21.970;48.5684;20
21.980;48.589;20
21.990;48.589;20
22.000;48.6096;20
22.010;48.6096;20
22.020;48.6096;20
22.030;48.6301;20
22.040;48.6301;20
22.050;48.6507;20
22.060;48.6507;20
22.070;48.6712;20
22.080;48.6712;20
22.090;48.6918;20
22.100;48.6918;20
22.110;48.7123;20
22.120;48.7123;20
22.130;48.7123;20
22.140;48.7329;20
22.150;48.7329;20
22.160;48.7534;20
22.170;48.7534;20
22.180;48.7739;20
22.190;48.7739;20
22.200;48.7944;20
22.210;48.7944;20
22.220;48.8149;20
22.230;48.8149;20
22.240;48.8149;20
22.250;48.8354;20
22.260;48.8354;20
22.270;48.8558;20
22.280;48.8558;20
22.290;48.8763;20
22.300;48.8763;20
22.310;48.8968;20
22.320;48.8968;20
22.330;48.9172;20
22.340;48.9172;20
22.350;48.9172;20
22.360;48.9377;20
22.370;48.9377;20
22.380;48.9581;20
22.390;48.9581;20
22.400;48.9785;20
22.410;48.9785;20
22.420;48.9989;20
22.430;48.9989;20
22.440;49.0194;20
22.450;49.0194;20
22.460;49.0194;20
22.470;49.0398;20
22.480;49.0398;20
22.490;49.0601;20
22.500;49.0601;20
22.510;49.0805;20
22.520;49.0805;20
22.530;49.1009;20
22.540;49.1009;20
22.550;49.1213;20
22.560;49.1213;20
22.570;49.1213;20
22.580;49.1416;20
22.590;49.1416;20
22.600;49.162;20
22.610;49.162;20
22.620;49.1823;20
22.630;49.1823;20
22.640;49.2026;20
22.650;49.2026;20
22.660;49.223;20
22.670;49.223;20
22.680;49.223;20
22.690;49.2433;20
22.700;49.2433;20
22.710;49.2636;20
22.720;49.2636;20
22.730;49.2839;20
22.740;49.2839;20
22.750;49.3042;20
22.760;49.3042;20
22.770;49.3245;20
22.780;49.3245;20
22.790;49.3245;20
22.800;49.3447;20
22.810;49.3447;20
22.820;49.365;20
22.830;49.365;20
22.840;49.3853;20
22.850;49.3853;20
22.860;49.4055;20
22.870;49.4055;20
22.880;49.4258;20
22.890;49.4258;20
22.900;49.4258;20
22.910;49.446;20
22.920;49.446;20
22.930;49.4662;20
22.940;49.4662;20
22.950;49.4864;20
22.960;49.4864;20
22.970;49.5066;20
22.980;49.5066;20
22.990;49.5268;20
23.000;49.5268;20
23.010;49.5268;20
23.020;49.547;20
23.030;49.547;20
23.040;49.5672;20
23.050;49.5672;20
23.060;49.5874;20
23.070;49.5874;20
23.080;49.6075;20
23.090;49.6075;20
23.100;49.6277;20
23.110;49.6277;20
23.120;49.6277;20
23.130;49.6479;20
23.140;49.6479;20
23.150;49.668;20
23.160;49.668;20
23.170;49.6881;20
23.180;49.6881;20
23.190;49.7083;20
23.200;49.7083;20
23.210;49.7284;20
23.220;49.7284;20
23.230;49.7284;20
23.240;49.7485;20
23.250;49.7485;20
23.260;49.7686;20
23.270;49.7686;20
23.280;49.7887;20
23.290;49.7887;20
23.300;49.8088;20
23.310;49.8088;20
23.320;49.8288;20
23.330;49.8288;20
23.340;49.8288;20
23.350;49.8489;20
23.360;49.8489;20
23.370;49.869;20
23.380;49.869;20
23.390;49.889;20
23.400;49.889;20
23.410;49.9091;20
23.420;49.9091;20
23.430;49.9291;20
23.440;49.9291;20
23.450;49.9291;20
23.460;49.9491;20
23.470;49.9491;20
23.480;49.9692;20
23.490;49.9692;20
23.500;49.9892;20
23.510;49.9892;20
23.520;50.0092;20
23.530;50.0092;20
23.540;50.0292;20
23.550;50.0292;20
23.560;50.0292;20
23.570;50.0492;20
23.580;50.0492;20
23.590;50.0691;20
23.600;50.0691;20
23.610;50.0891;20
23.620;50.0891;20
23.630;50.1091;20
23.640;50.1091;20
23.650;50.129;20
23.660;50.129;20
23.670;50.129;20
23.680;50.149;20
23.690;50.149;20
23.700;50.1689;20
23.710;50.1689;20
23.720;50.1888;20
23.730;50.1888;20
23.740;50.2088;20
23.750;50.2088;20
23.760;50.2287;20
23.770;50.2287;20
23.780;50.2287;20
23.790;50.2486;20
23.800;50.2486;20
23.810;50.2685;20
23.820;50.2685;20
23.830;50.2884;20
23.840;50.2884;20
23.850;50.3083;20
23.860;50.3083;20
23.870;50.3282;20
23.880;50.3282;20
23.890;50.3282;20
23.900;50.348;20
23.910;50.348;20
23.920;50.3679;20
23.930;50.3679;20
23.940;50.3877;20
23.950;50.3877;20
23.960;50.4076;20
23.970;50.4076;20
23.980;50.4274;20
23.990;50.4274;20
24.000;50.4274;20
24.010;50.4473;20
24.020;50.4473;20
24.030;50.4671;20
24.040;50.4671;20
24.050;50.4869;20
24.060;50.4869;20
24.070;50.5067;20
24.080;50.5067;20
24.090;50.5265;20
24.100;50.5265;20
24.110;50.5265;20
24.120;50.5463;20
24.130;50.5463;20
24.140;50.5661;20
24.150;50.5661;20
24.160;50.5859;20
24.170;50.5859;20
24.180;50.6056;20
24.190;50.6056;20
24.200;50.6254;20
24.210;50.6254;20
24.220;50.6254;20
24.230;50.6451;20
24.240;50.6451;20
24.250;50.6649;20
24.260;50.6649;20
24.270;50.6846;20
24.280;50.6846;20
24.290;50.7043;20
24.300;50.7043;20
24.310;50.7241;20
24.320;50.7241;20
24.330;50.7241;20
24.340;50.7438;20
24.350;50.7438;20
24.360;50.7635;20
24.370;50.7635;20
24.380;50.7832;20
24.390;50.7832;20
24.400;50.8029;20
24.410;50.8029;20
24.420;50.8226;20
24.430;50.8226;20
24.440;50.8226;20
24.450;50.8422;20
24.460;50.8422;20
24.470;50.8619;20
24.480;50.8619;20
24.490;50.8816;20
24.500;50.8816;20
24.510;50.9012;20
24.520;50.9012;20
24.530;50.9209;20
24.540;50.9209;20
24.550;50.9209;20
24.560;50.9405;20
24.570;50.9405;20
24.580;50.9601;20
24.590;50.9601;20
24.600;50.9798;20
24.610;50.9798;20
24.620;50.9994;20
24.630;50.9994;20
24.640;51.019;20
24.650;51.019;20
24.660;51.019;20
24.670;51.0386;20
24.680;51.0386;20
24.690;51.0582;20
24.700;51.0582;20
24.710;51.0778;20
24.720;51.0778;20
24.730;51.0973;20
24.740;51.0973;20
24.750;51.1169;20
24.760;51.1169;20
24.770;51.1169;20
24.780;51.1365;20
24.790;51.1365;20
24.800;51.156;20
24.810;51.156;20
24.820;51.1756;20
24.830;51.1756;20
24.840;51.1951;20
24.850;51.1951;20
24.860;51.2147;20
24.870;51.2147;20
24.880;51.2147;20
24.890;51.2342;20
24.900;51.2342;20
24.910;51.2537;20
24.920;51.2537;20
24.930;51.2732;20
24.940;51.2732;20
24.950;51.2927;20
24.960;51.2927;20
24.970;51.3122;20
24.980;51.3122;20
24.990;51.3122;20
25.000;51.3317;20
25.010;51.3317;20
25.020;51.3512;20
25.030;51.3512;20
25.040;51.3707;20
25.050;51.3707;20
25.060;51.3901;20
25.070;51.3901;20
25.080;51.4096;20
25.090;51.4096;20
25.100;51.4096;20
25.110;51.429;20
25.120;51.429;20
25.130;51.4485;20
25.140;51.4485;20
25.150;51.4679;20
25.160;51.4679;20
25.170;51.4873;20
25.180;51.4873;20
25.190;51.5068;20
25.200;51.5068;20
25.210;51.5068;20
25.220;51.5262;20
25.230;51.5262;20
25.240;51.5456;20
25.250;51.5456;20
25.260;51.565;20
25.270;51.565;20
25.280;51.5844;20
25.290;51.5844;20
25.300;51.6038;20
25.310;51.6038;20
25.320;51.6038;20
25.330;51.6231;20
25.340;51.6231;20
25.350;51.6425;20
25.360;51.6425;20
25.370;51.6619;20
25.380;51.6619;20
25.390;51.6812;20
25.400;51.6812;20
25.410;51.7006;20
25.420;51.7006;20
25.430;51.7006;20
25.440;51.7199;20
25.450;51.7199;20
25.460;51.7393;20
25.470;51.7393;20
25.480;51.7586;20
25.490;51.7586;20
25.500;51.7779;20
25.510;51.7779;20
25.520;51.7972;20
25.530;51.7972;20
25.540;51.7972;20
25.550;51.8165;20
25.560;51.8165;20
25.570;51.8358;20
25.580;51.8358;20
25.590;51.8551;20
25.600;51.8551;20
25.610;51.8744;20
25.620;51.8744;20
25.630;51.8937;20
25.640;51.8937;20
25.650;51.8937;20
25.660;51.9129;20
25.670;51.9129;20
25.680;51.9322;20
25.690;51.9322;20
25.700;51.9515;20
25.710;51.9515;20
25.720;51.9707;20
25.730;51.9707;20
25.740;51.99;20
25.750;51.99;20
25.760;51.99;20
25.770;52.0092;20
25.780;52.0092;20
25.790;52.0284;20
25.800;52.0284;20
25.810;52.0476;20
25.820;52.0476;20
25.830;52.0669;20
25.840;52.0669;20
25.850;52.0861;20
25.860;52.0861;20
25.870;52.0861;20
25.880;52.1053;20
25.890;52.1053;20
25.900;52.1245;20
25.910;52.1245;20
25.920;52.1436;20
25.930;52.1436;20
25.940;52.1628;20
25.950;52.1628;20
25.960;52.182;20
25.970;52.182;20
25.980;52.182;20
25.990;52.2011;20
26.000;52.2011;20
26.010;52.2203;20
26.020;52.2203;20
26.030;52.2395;20
26.040;52.2395;20
26.050;52.2586;20
26.060;52.2586;20
26.070;52.2777;20
26.080;52.2777;20
26.090;52.2777;20
26.100;52.2969;20
26.110;52.2969;20
26.120;52.316;20
26.130;52.316;20
26.140;52.3351;20
26.150;52.3351;20
26.160;52.3542;20
26.170;52.3542;20
26.180;52.3733;20
26.190;52.3733;20
26.200;52.3733;20
26.210;52.3924;20
26.220;52.3924;20
26.230;52.4115;20
26.240;52.4115;20
26.250;52.4306;20
26.260;52.4306;20
26.270;52.4496;20
26.280;52.4496;20
26.290;52.4687;20
26.300;52.4687;20
26.310;52.4687;20
26.320;52.4878;20
26.330;52.4878;20
26.340;52.5068;20
26.350;52.5068;20
26.360;52.5259;20
26.370;52.5259;20
26.380;52.5449;20
26.390;52.5449;20
26.400;52.5639;20
26.410;52.5639;20
26.420;52.5639;20
26.430;52.583;20
26.440;52.583;20
26.450;52.602;20
26.460;52.602;20
26.470;52.621;20
26.480;52.621;20
26.490;52.64;20
26.500;52.64;20
26.510;52.659;20
26.520;52.659;20
26.530;52.659;20
26.540;52.678;20
26.550;52.678;20
26.560;52.697;20
26.570;52.697;20
26.580;52.7159;20
26.590;52.7159;20
26.600;52.7349;20
26.610;52.7349;20
26.620;52.7539;20
26.630;52.7539;20
26.640;52.7539;20
26.650;52.7728;20
26.660;52.7728;20
26.670;52.7918;20
26.680;52.7918;20
26.690;52.8107;20
26.700;52.8107;20
26.710;52.8296;20
26.720;52.8296;20
26.730;52.8486;20
26.740;52.8486;20
26.750;52.8486;20
26.760;52.8675;20
26.770;52.8675;20
26.780;52.8864;20
26.790;52.8864;20
26.800;52.9053;20
26.810;52.9053;20
26.820;52.9242;20
26.830;52.9242;20
26.840;52.9431;20
26.850;52.9431;20
26.860;52.9431;20
26.870;52.962;20
26.880;52.962;20
26.890;52.9809;20
26.900;52.9809;20
26.910;52.9998;20
26.920;52.9998;20
26.930;53.0186;20
26.940;53.0186;20
26.950;53.0375;20
26.960;53.0375;20
26.970;53.0375;20
26.980;53.0563;20
26.990;53.0563;20
27.000;53.0752;20
27.010;53.0752;20
27.020;53.094;20
27.030;53.094;20
27.040;53.1129;20
27.050;53.1129;20
27.060;53.1317;20
27.070;53.1317;20
27.080;53.1317;20
27.090;53.1505;20
27.100;53.1505;20
27.110;53.1693;20
27.120;53.1693;20
27.130;53.1881;20
27.140;53.1881;20
27.150;53.2069;20
27.160;53.2069;20
27.170;53.2257;20
27.180;53.2257;20
27.190;53.2257;20
27.200;53.2445;20
27.210;53.2445;20
27.220;53.2633;20
27.230;53.2633;20
27.240;53.2821;20
27.250;53.2821;20
27.260;53.3009;20
27.270;53.3009;20
27.280;53.3196;20
27.290;53.3196;20
27.300;53.3196;20
27.310;53.3384;20
27.320;53.3384;20
27.330;53.3571;20
27.340;53.3571;20
27.350;53.3759;20
27.360;53.3759;20
27.370;53.3946;20
27.380;53.3946;20
27.390;53.4133;20
27.400;53.4133;20
27.410;53.4133;20
27.420;53.432;20
27.430;53.432;20
27.440;53.4508;20
27.450;53.4508;20
27.460;53.4695;20
27.470;53.4695;20
27.480;53.4882;20
27.490;53.4882;20
27.500;53.5069;20
27.510;53.5069;20
27.520;53.5069;20
27.530;53.5256;20
27.540;53.5256;20
27.550;53.5442;20
27.560;53.5442;20
27.570;53.5629;20
27.580;53.5629;20
27.590;53.5816;20
27.600;53.5816;20
27.610;53.6002;20
27.620;53.6002;20
27.630;53.6002;20
27.640;53.6189;20
27.650;53.6189;20
27.660;53.6376;20
27.670;53.6376;20
27.680;53.6562;20
27.690;53.6562;20
27.700;53.6748;20
27.710;53.6748;20
27.720;53.6935;20
27.730;53.6935;20
27.740;53.6935;20
27.750;53.7121;20
27.760;53.7121;20
27.770;53.7307;20
27.780;53.7307;20
27.790;53.7493;20
27.800;53.7493;20
27.810;53.7679;20
27.820;53.7679;20
27.830;53.7865;20
27.840;53.7865;20
27.850;53.7865;20
27.860;53.8051;20
27.870;53.8051;20
27.880;53.8237;20
27.890;53.8237;20
27.900;53.8423;20
27.910;53.8423;20
27.920;53.8609;20
27.930;53.8609;20
27.940;53.8794;20
27.950;53.8794;20
27.960;53.8794;20
27.970;53.898;20
27.980;53.898;20
27.990;53.9165;20
28.000;53.9165;20
28.010;53.9351;20
28.020;53.9351;20
28.030;53.9536;20
28.040;53.9536;20
28.050;53.9722;20
28.060;53.9722;20
28.070;53.9722;20
28.080;53.9907;20
28.090;53.9907;20
28.100;54.0092;20
28.110;54.0092;20
28.120;54.0277;20
28.130;54.0277;20
28.140;54.0462;20
28.150;54.0462;20
28.160;54.0647;20
28.170;54.0647;20
28.180;54.0647;20
28.190;54.0832;20
28.200;54.0832;20
28.210;54.1017;20
28.220;54.1017;20
28.230;54.1202;20
28.240;54.1202;20
28.250;54.1387;20
28.260;54.1387;20
28.270;54.1571;20
28.280;54.1571;20
28.290;54.1571;20
28.300;54.1756;20
28.310;54.1756;20
28.320;54.1941;20
28.330;54.1941;20
28.340;54.2125;20
28.350;54.2125;20
28.360;54.231;20
28.370;54.231;20
28.380;54.2494;20
28.390;54.2494;20
28.400;54.2494;20
28.410;54.2678;20
28.420;54.2678;20
28.430;54.2863;20
28.440;54.2863;20
28.450;54.3047;20
28.460;54.3047;20
28.470;54.3231;20
28.480;54.3231;20
28.490;54.3415;20
28.500;54.3415;20
28.510;54.3415;20
28.520;54.3599;20
28.530;54.3599;20
28.540;54.3783;20
28.550;54.3783;20
28.560;54.3967;20
28.570;54.3967;20
28.580;54.4151;20
28.590;54.4151;20
28.600;54.4335;20
28.610;54.4335;20
28.620;54.4335;20
28.630;54.4518;20
28.640;54.4518;20
28.650;54.4702;20
28.660;54.4702;20
28.670;54.4886;20
28.680;54.4886;20
28.690;54.5069;20
28.700;54.5069;20
28.710;54.5253;20
28.720;54.5253;20
28.730;54.5253;20
28.740;54.5436;20
28.750;54.5436;20
28.760;54.5619;20
28.770;54.5619;20
28.780;54.5803;20
28.790;54.5803;20
28.800;54.5986;20
28.810;54.5986;20
28.820;54.6169;20
28.830;54.6169;20
28.840;54.6169;20
28.850;54.6352;20
28.860;54.6352;20
28.870;54.6535;20
28.880;54.6535;20
28.890;54.6718;20
28.900;54.6718;20
28.910;54.6901;20
28.920;54.6901;20
28.930;54.7084;20
28.940;54.7084;20
28.950;54.7084;20
28.960;54.7267;20
28.970;54.7267;20
28.980;54.7449;20
28.990;54.7449;20
29.000;54.7632;20
29.010;54.7632;20
29.020;54.7815;20
29.030;54.7815;20
29.040;54.7997;20
29.050;54.7997;20
29.060;54.7997;20
29.070;54.818;20
29.080;54.818;20
29.090;54.8362;20
29.100;54.8362;20
29.110;54.8544;20
29.120;54.8544;20
29.130;54.8727;20
29.140;54.8727;20
29.150;54.8909;20
29.160;54.8909;20
29.170;54.8909;20
29.180;54.9091;20
29.190;54.9091;20
29.200;54.9273;20
29.210;54.9273;20
29.220;54.9455;20
29.230;54.9455;20
29.240;54.9637;20
29.250;54.9637;20
29.260;54.9819;20
29.270;54.9819;20
29.280;54.9819;20
29.290;55.0001;20
29.300;55.0001;20
29.310;55.0183;20
29.320;55.0183;20
29.330;55.0365;20
29.340;55.0365;20
29.350;55.0546;20
29.360;55.0546;20
29.370;55.0728;20
29.380;55.0728;20
29.390;55.0728;20
29.400;55.091;20
29.410;55.091;20
29.420;55.1091;20
29.430;55.1091;20
29.440;55.1273;20
29.450;55.1273;20
29.460;55.1454;20
29.470;55.1454;20
29.480;55.1635;20
29.490;55.1635;20
29.500;55.1635;20
29.510;55.1817;20
29.520;55.1817;20
29.530;55.1998;20
29.540;55.1998;20
29.550;55.2179;20
29.560;55.2179;20
29.570;55.236;20
29.580;55.236;20
29.590;55.2541;20
29.600;55.2541;20
29.610;55.2541;20
29.620;55.2722;20
29.630;55.2722;20
29.640;55.2903;20
29.650;55.2903;20
29.660;55.3084;20
29.670;55.3084;20
29.680;55.3265;20
29.690;55.3265;20
29.700;55.3445;20
29.710;55.3445;20
29.720;55.3445;20
29.730;55.3626;20
29.740;55.3626;20
29.750;55.3807;20
29.760;55.3807;20
29.770;55.3987;20
29.780;55.3987;20
29.790;55.4168;20
29.800;55.4168;20
29.810;55.4348;20
29.820;55.4348;20
29.830;55.4348;20
29.840;55.4529;20
29.850;55.4529;20
29.860;55.4709;20
29.870;55.4709;20
29.880;55.4889;20
29.890;55.4889;20
29.900;55.5069;20
29.910;55.5069;20
29.920;55.525;20
29.930;55.525;20
29.940;55.525;20
29.950;55.543;20
29.960;55.543;20
29.970;55.561;20
29.980;55.561;20
29.990;55.579;20
30.000;55.579;20
30.010;55.597;20
30.020;55.597;20
30.030;55.615;20
30.040;55.615;20
30.050;55.615;20
30.060;55.6329;20
30.070;55.6329;20
30.080;55.6509;20
30.090;55.6509;20

